timestamp,heart rate,temperature,enhanced altitude
2024-08-03T09:10:15.000Z,79,,
2024-08-03T09:10:16.000Z,79,,
2024-08-03T09:10:17.000Z,80,,
2024-08-03T09:10:18.000Z,80,,
2024-08-03T09:10:19.000Z,80,,
2024-08-03T09:10:20.000Z,80,,
2024-08-03T09:10:21.000Z,80,,
2024-08-03T09:10:22.000Z,80,,
2024-08-03T09:10:23.000Z,79,32,222.6
2024-08-03T09:10:24.000Z,79,32,222.6
2024-08-03T09:10:25.000Z,80,32,222.6
2024-08-03T09:10:26.000Z,80,32,222.6
2024-08-03T09:10:27.000Z,80,32,222.6
2024-08-03T09:10:28.000Z,81,32,222.6
2024-08-03T09:10:29.000Z,82,32,222.6
2024-08-03T09:10:30.000Z,83,32,222.6
2024-08-03T09:10:31.000Z,83,32,222.6
2024-08-03T09:10:32.000Z,82,32,222.6
2024-08-03T09:10:33.000Z,84,32,222.6
2024-08-03T09:10:34.000Z,84,32,222.6
2024-08-03T09:10:35.000Z,85,32,222.6
2024-08-03T09:10:36.000Z,86,32,222.6
2024-08-03T09:10:37.000Z,88,32,222.6
2024-08-03T09:10:38.000Z,88,32,222.6
2024-08-03T09:10:39.000Z,89,32,222.6
2024-08-03T09:10:40.000Z,89,32,222.6
2024-08-03T09:10:41.000Z,88,32,222.6
2024-08-03T09:10:42.000Z,90,32,222.6
2024-08-03T09:10:43.000Z,91,32,222.6
2024-08-03T09:10:44.000Z,92,32,222.6
2024-08-03T09:10:45.000Z,92,32,222.6
2024-08-03T09:10:46.000Z,91,32,222.6
2024-08-03T09:10:47.000Z,92,32,222.6
2024-08-03T09:10:48.000Z,92,32,222.6
2024-08-03T09:10:49.000Z,94,32,222.6
2024-08-03T09:10:50.000Z,94,32,222.6
2024-08-03T09:10:51.000Z,94,32,222.6
2024-08-03T09:10:52.000Z,94,32,222.6
2024-08-03T09:10:53.000Z,96,32,222.6
2024-08-03T09:10:54.000Z,94,31,222.6
2024-08-03T09:10:55.000Z,95,31,222.6
2024-08-03T09:10:56.000Z,95,31,222.6
2024-08-03T09:10:57.000Z,95,31,222.6
2024-08-03T09:10:58.000Z,96,31,222.6
2024-08-03T09:10:59.000Z,96,31,222.6
2024-08-03T09:11:00.000Z,,31,222.6
2024-08-03T09:11:01.000Z,96,31,222.6
2024-08-03T09:11:02.000Z,,31,222.6
2024-08-03T09:11:03.000Z,96,31,222.6
2024-08-03T09:11:04.000Z,,31,222.6
2024-08-03T09:11:05.000Z,98,31,222.6
2024-08-03T09:11:06.000Z,,31,222.6
2024-08-03T09:11:07.000Z,97,31,222.6
2024-08-03T09:11:08.000Z,,31,222.6
2024-08-03T09:11:09.000Z,95,31,222.6
2024-08-03T09:11:10.000Z,,31,222.6
2024-08-03T09:11:11.000Z,96,31,222.6
2024-08-03T09:11:12.000Z,,31,222.6
2024-08-03T09:11:13.000Z,94,31,222.6
2024-08-03T09:11:14.000Z,,31,222.6
2024-08-03T09:11:15.000Z,96,31,222.6
2024-08-03T09:11:16.000Z,,31,222.6
2024-08-03T09:11:17.000Z,97,31,222.6
2024-08-03T09:11:18.000Z,,31,222.6
2024-08-03T09:11:19.000Z,96,31,222.6
2024-08-03T09:11:20.000Z,,31,222.6
2024-08-03T09:11:21.000Z,99,31,222.6
2024-08-03T09:11:22.000Z,,31,222.6
2024-08-03T09:11:23.000Z,101,31,222.6
2024-08-03T09:11:24.000Z,,31,222.6
2024-08-03T09:11:25.000Z,101,31,222.6
2024-08-03T09:11:26.000Z,,31,222.6
2024-08-03T09:11:27.000Z,102,31,222.6
2024-08-03T09:11:28.000Z,,31,222.6
2024-08-03T09:11:29.000Z,99,31,222.6
2024-08-03T09:11:30.000Z,,31,222.6
2024-08-03T09:11:31.000Z,99,31,222.6
2024-08-03T09:11:32.000Z,,31,222.6
2024-08-03T09:11:33.000Z,97,31,222.6
2024-08-03T09:11:34.000Z,,31,222.6
2024-08-03T09:11:35.000Z,97,31,222.6
2024-08-03T09:11:36.000Z,,31,222.6
2024-08-03T09:11:37.000Z,96,31,222.6
2024-08-03T09:11:38.000Z,,31,222.6
2024-08-03T09:11:39.000Z,98,31,222.6
2024-08-03T09:11:40.000Z,,31,222.6
2024-08-03T09:11:41.000Z,96,31,222.6
2024-08-03T09:11:42.000Z,,31,222.6
2024-08-03T09:11:43.000Z,97,31,222.6
2024-08-03T09:11:44.000Z,,31,222.6
2024-08-03T09:11:45.000Z,98,31,222.6
2024-08-03T09:11:46.000Z,,31,222.6
2024-08-03T09:11:47.000Z,100,31,222.6
2024-08-03T09:11:48.000Z,,31,222.6
2024-08-03T09:11:49.000Z,98,31,222.6
2024-08-03T09:11:50.000Z,,31,222.6
2024-08-03T09:11:51.000Z,98,31,222.6
2024-08-03T09:11:52.000Z,,31,222.6
2024-08-03T09:11:53.000Z,98,31,222.6
2024-08-03T09:11:54.000Z,,31,222.6
2024-08-03T09:11:55.000Z,98,31,222.6
2024-08-03T09:11:56.000Z,,31,222.6
2024-08-03T09:11:57.000Z,99,31,222.6
2024-08-03T09:11:58.000Z,,31,222.6
2024-08-03T09:11:59.000Z,99,31,222.6
2024-08-03T09:12:00.000Z,,31,222.6
2024-08-03T09:12:01.000Z,102,31,222.6
2024-08-03T09:12:02.000Z,,31,222.6
2024-08-03T09:12:03.000Z,102,31,222.6
2024-08-03T09:12:04.000Z,,31,222.6
2024-08-03T09:12:05.000Z,100,31,222.6
2024-08-03T09:12:06.000Z,,31,222.6
2024-08-03T09:12:07.000Z,101,31,222.6
2024-08-03T09:12:08.000Z,,31,222.6
2024-08-03T09:12:09.000Z,100,31,222.6
2024-08-03T09:12:10.000Z,,31,222.6
2024-08-03T09:12:11.000Z,102,31,222.6
2024-08-03T09:12:12.000Z,,31,222.6
2024-08-03T09:12:13.000Z,100,31,222.6
2024-08-03T09:12:14.000Z,,31,222.6
2024-08-03T09:12:15.000Z,97,31,222.6
2024-08-03T09:12:16.000Z,,31,222.6
2024-08-03T09:12:17.000Z,97,31,222.6
2024-08-03T09:12:18.000Z,,31,222.6
2024-08-03T09:12:19.000Z,96,31,222.6
2024-08-03T09:12:20.000Z,,31,222.6
2024-08-03T09:12:21.000Z,95,31,222.6
2024-08-03T09:12:22.000Z,,31,222.6
2024-08-03T09:12:23.000Z,94,31,222.6
2024-08-03T09:12:24.000Z,,31,222.6
2024-08-03T09:12:25.000Z,94,31,222.6
2024-08-03T09:12:26.000Z,,31,222.6
2024-08-03T09:12:27.000Z,94,31,222.6
2024-08-03T09:12:28.000Z,,31,222.6
2024-08-03T09:12:29.000Z,94,31,222.6
2024-08-03T09:12:30.000Z,,31,222.6
2024-08-03T09:12:31.000Z,92,31,222.6
2024-08-03T09:12:32.000Z,,31,222.6
2024-08-03T09:12:33.000Z,93,31,222.6
2024-08-03T09:12:34.000Z,,31,222.6
2024-08-03T09:12:35.000Z,94,31,222.6
2024-08-03T09:12:36.000Z,,31,222.6
2024-08-03T09:12:37.000Z,94,31,222.6
2024-08-03T09:12:38.000Z,,31,222.6
2024-08-03T09:12:39.000Z,94,31,222.6
2024-08-03T09:12:40.000Z,,31,222.6
2024-08-03T09:12:41.000Z,92,31,222.6
2024-08-03T09:12:42.000Z,,31,222.6
2024-08-03T09:12:43.000Z,92,31,222.6
2024-08-03T09:12:44.000Z,,31,222.6
2024-08-03T09:12:45.000Z,91,31,222.6
2024-08-03T09:12:46.000Z,,31,222.6
2024-08-03T09:12:47.000Z,90,31,222.6
2024-08-03T09:12:48.000Z,,31,222.6
2024-08-03T09:12:49.000Z,90,31,222.6
2024-08-03T09:12:50.000Z,,31,222.6
2024-08-03T09:12:51.000Z,88,31,222.6
2024-08-03T09:12:52.000Z,,31,222.6
2024-08-03T09:12:53.000Z,87,31,222.6
2024-08-03T09:12:54.000Z,,31,222.6
2024-08-03T09:12:55.000Z,87,31,222.6
2024-08-03T09:12:56.000Z,,31,222.6
2024-08-03T09:12:57.000Z,88,31,222.6
2024-08-03T09:12:58.000Z,,31,222.6
2024-08-03T09:12:59.000Z,87,31,222.6
2024-08-03T09:13:00.000Z,,31,222.6
2024-08-03T09:13:01.000Z,88,31,222.6
2024-08-03T09:13:02.000Z,,31,222.6
2024-08-03T09:13:03.000Z,89,31,222.6
2024-08-03T09:13:04.000Z,,31,222.6
2024-08-03T09:13:05.000Z,90,31,222.6
2024-08-03T09:13:06.000Z,,31,222.6
2024-08-03T09:13:07.000Z,89,31,222.6
2024-08-03T09:13:08.000Z,,31,222.6
2024-08-03T09:13:09.000Z,91,31,222.6
2024-08-03T09:13:10.000Z,,31,222.6
2024-08-03T09:13:11.000Z,92,31,222.6
2024-08-03T09:13:12.000Z,,31,222.6
2024-08-03T09:13:13.000Z,92,31,222.6
2024-08-03T09:13:14.000Z,,31,222.6
2024-08-03T09:13:15.000Z,91,31,222.6
2024-08-03T09:13:16.000Z,,31,222.6
2024-08-03T09:13:17.000Z,91,31,222.6
2024-08-03T09:13:18.000Z,,31,222.6
2024-08-03T09:13:19.000Z,91,31,222.6
2024-08-03T09:13:20.000Z,,31,222.6
2024-08-03T09:13:21.000Z,91,31,222.6
2024-08-03T09:13:22.000Z,,31,222.6
2024-08-03T09:13:23.000Z,90,31,222.6
2024-08-03T09:13:24.000Z,,31,222.6
2024-08-03T09:13:25.000Z,88,31,222.6
2024-08-03T09:13:26.000Z,,31,222.6
2024-08-03T09:13:27.000Z,89,31,222.6
2024-08-03T09:13:28.000Z,,31,222.6
2024-08-03T09:13:29.000Z,89,31,222.6
2024-08-03T09:13:30.000Z,,31,222.6
2024-08-03T09:13:31.000Z,90,31,222.6
2024-08-03T09:13:32.000Z,,31,222.6
2024-08-03T09:13:33.000Z,91,31,222.6
2024-08-03T09:13:34.000Z,,31,222.6
2024-08-03T09:13:35.000Z,91,31,222.6
2024-08-03T09:13:36.000Z,,31,222.6
2024-08-03T09:13:37.000Z,92,31,222.6
2024-08-03T09:13:38.000Z,,31,222.6
2024-08-03T09:13:39.000Z,93,31,222.6
2024-08-03T09:13:40.000Z,,31,222.6
2024-08-03T09:13:41.000Z,96,31,222.6
2024-08-03T09:13:42.000Z,,31,222.6
2024-08-03T09:13:43.000Z,96,31,222.6
2024-08-03T09:13:44.000Z,,31,222.6
2024-08-03T09:13:45.000Z,96,31,222.6
2024-08-03T09:13:46.000Z,,31,222.6
2024-08-03T09:13:47.000Z,93,31,222.6
2024-08-03T09:13:48.000Z,,31,222.6
2024-08-03T09:13:49.000Z,93,31,222.6
2024-08-03T09:13:50.000Z,,31,222.6
2024-08-03T09:13:51.000Z,95,31,222.6
2024-08-03T09:13:52.000Z,,31,222.6
2024-08-03T09:13:53.000Z,95,31,222.6
2024-08-03T09:13:54.000Z,,31,222.6
2024-08-03T09:13:55.000Z,95,31,222.6
2024-08-03T09:13:56.000Z,,31,222.6
2024-08-03T09:13:57.000Z,98,31,222.6
2024-08-03T09:13:58.000Z,,31,222.6
2024-08-03T09:13:59.000Z,98,31,222.6
2024-08-03T09:14:00.000Z,,31,222.6
2024-08-03T09:14:01.000Z,101,31,222.6
2024-08-03T09:14:02.000Z,,31,222.6
2024-08-03T09:14:03.000Z,102,31,222.6
2024-08-03T09:14:04.000Z,,31,222.6
2024-08-03T09:14:05.000Z,108,31,222.6
2024-08-03T09:14:06.000Z,,31,222.6
2024-08-03T09:14:07.000Z,110,31,222.6
2024-08-03T09:14:08.000Z,,31,222.6
2024-08-03T09:14:09.000Z,108,31,222.6
2024-08-03T09:14:10.000Z,,31,222.6
2024-08-03T09:14:11.000Z,108,31,222.6
2024-08-03T09:14:12.000Z,,31,222.6
2024-08-03T09:14:13.000Z,107,31,222.6
2024-08-03T09:14:14.000Z,,31,222.6
2024-08-03T09:14:15.000Z,106,31,222.6
2024-08-03T09:14:16.000Z,,31,222.6
2024-08-03T09:14:17.000Z,106,31,222.6
2024-08-03T09:14:18.000Z,,31,222.6
2024-08-03T09:14:19.000Z,106,31,222.6
2024-08-03T09:14:20.000Z,,31,222.6
2024-08-03T09:14:21.000Z,107,31,222.6
2024-08-03T09:14:22.000Z,,31,222.6
2024-08-03T09:14:23.000Z,105,31,222.6
2024-08-03T09:14:24.000Z,,31,222.6
2024-08-03T09:14:25.000Z,108,30,222.6
2024-08-03T09:14:26.000Z,,31,222.6
2024-08-03T09:14:27.000Z,109,30,222.6
2024-08-03T09:14:28.000Z,,30,222.6
2024-08-03T09:14:29.000Z,109,30,222.6
2024-08-03T09:14:30.000Z,,30,222.6
2024-08-03T09:14:31.000Z,111,30,222.6
2024-08-03T09:14:32.000Z,,30,222.6
2024-08-03T09:14:33.000Z,110,30,222.6
2024-08-03T09:14:34.000Z,,30,222.6
2024-08-03T09:14:35.000Z,115,30,222.6
2024-08-03T09:14:36.000Z,,30,222.6
2024-08-03T09:14:37.000Z,118,30,222.6
2024-08-03T09:14:38.000Z,,30,222.6
2024-08-03T09:14:39.000Z,117,30,222.6
2024-08-03T09:14:40.000Z,,30,222.6
2024-08-03T09:14:41.000Z,118,30,222.6
2024-08-03T09:14:42.000Z,,30,222.6
2024-08-03T09:14:43.000Z,117,30,222.6
2024-08-03T09:14:44.000Z,,30,222.6
2024-08-03T09:14:45.000Z,116,30,222.6
2024-08-03T09:14:46.000Z,,30,222.6
2024-08-03T09:14:47.000Z,116,30,222.6
2024-08-03T09:14:48.000Z,,30,222.6
2024-08-03T09:14:49.000Z,117,30,222.6
2024-08-03T09:14:50.000Z,,30,222.6
2024-08-03T09:14:51.000Z,117,30,222.6
2024-08-03T09:14:52.000Z,,30,222.6
2024-08-03T09:14:53.000Z,115,30,222.6
2024-08-03T09:14:54.000Z,,30,222.6
2024-08-03T09:14:55.000Z,113,30,222.6
2024-08-03T09:14:56.000Z,,30,222.6
2024-08-03T09:14:57.000Z,113,30,222.6
2024-08-03T09:14:58.000Z,,30,222.6
2024-08-03T09:14:59.000Z,113,30,222.6
2024-08-03T09:15:00.000Z,,30,222.6
2024-08-03T09:15:01.000Z,116,30,222.6
2024-08-03T09:15:02.000Z,,30,222.6
2024-08-03T09:15:03.000Z,115,30,222.6
2024-08-03T09:15:04.000Z,,30,222.6
2024-08-03T09:15:05.000Z,116,30,222.6
2024-08-03T09:15:06.000Z,,30,222.6
2024-08-03T09:15:07.000Z,118,30,222.6
2024-08-03T09:15:08.000Z,,30,222.6
2024-08-03T09:15:09.000Z,117,30,222.6
2024-08-03T09:15:10.000Z,,30,222.6
2024-08-03T09:15:11.000Z,118,30,222.6
2024-08-03T09:15:12.000Z,,30,222.6
2024-08-03T09:15:13.000Z,118,30,222.6
2024-08-03T09:15:14.000Z,,30,222.6
2024-08-03T09:15:15.000Z,120,30,222.6
2024-08-03T09:15:16.000Z,,30,222.6
2024-08-03T09:15:17.000Z,121,30,222.6
2024-08-03T09:15:18.000Z,,30,222.6
2024-08-03T09:15:19.000Z,121,30,222.6
2024-08-03T09:15:20.000Z,,30,222.6
2024-08-03T09:15:21.000Z,118,30,222.6
2024-08-03T09:15:22.000Z,,30,222.6
2024-08-03T09:15:23.000Z,118,30,222.6
2024-08-03T09:15:24.000Z,,30,222.6
2024-08-03T09:15:25.000Z,118,30,222.6
2024-08-03T09:15:26.000Z,,30,222.6
2024-08-03T09:15:27.000Z,117,30,222.6
2024-08-03T09:15:28.000Z,,30,222.6
2024-08-03T09:15:29.000Z,115,30,222.6
2024-08-03T09:15:30.000Z,,30,222.6
2024-08-03T09:15:31.000Z,116,30,222.6
2024-08-03T09:15:32.000Z,,30,222.6
2024-08-03T09:15:33.000Z,116,30,222.6
2024-08-03T09:15:34.000Z,,30,222.6
2024-08-03T09:15:35.000Z,117,30,222.6
2024-08-03T09:15:36.000Z,,30,222.6
2024-08-03T09:15:37.000Z,117,30,222.6
2024-08-03T09:15:38.000Z,,30,222.6
2024-08-03T09:15:39.000Z,116,30,222.6
2024-08-03T09:15:40.000Z,,30,222.6
2024-08-03T09:15:41.000Z,117,30,222.6
2024-08-03T09:15:42.000Z,,30,222.6
2024-08-03T09:15:43.000Z,117,30,222.6
2024-08-03T09:15:44.000Z,,30,222.6
2024-08-03T09:15:45.000Z,118,30,222.6
2024-08-03T09:15:46.000Z,,30,222.6
2024-08-03T09:15:47.000Z,117,30,222.6
2024-08-03T09:15:48.000Z,,30,222.6
2024-08-03T09:15:49.000Z,116,30,222.6
2024-08-03T09:15:50.000Z,,30,222.6
2024-08-03T09:15:51.000Z,114,30,222.6
2024-08-03T09:15:52.000Z,,30,222.6
2024-08-03T09:15:53.000Z,113,30,222.6
2024-08-03T09:15:54.000Z,,30,222.6
2024-08-03T09:15:55.000Z,111,30,222.6
2024-08-03T09:15:56.000Z,,30,222.6
2024-08-03T09:15:57.000Z,111,30,222.6
2024-08-03T09:15:58.000Z,,30,222.6
2024-08-03T09:15:59.000Z,107,30,222.6
2024-08-03T09:16:00.000Z,,30,222.6
2024-08-03T09:16:01.000Z,105,30,222.6
2024-08-03T09:16:02.000Z,,30,222.6
2024-08-03T09:16:03.000Z,102,30,222.6
2024-08-03T09:16:04.000Z,,30,222.6
2024-08-03T09:16:05.000Z,101,30,222.6
2024-08-03T09:16:06.000Z,,30,222.6
2024-08-03T09:16:07.000Z,98,30,222.6
2024-08-03T09:16:08.000Z,,30,222.6
2024-08-03T09:16:09.000Z,99,30,222.6
2024-08-03T09:16:10.000Z,,30,222.6
2024-08-03T09:16:11.000Z,102,30,222.6
2024-08-03T09:16:12.000Z,,30,222.6
2024-08-03T09:16:13.000Z,103,30,222.6
2024-08-03T09:16:14.000Z,,30,222.6
2024-08-03T09:16:15.000Z,104,30,222.6
2024-08-03T09:16:16.000Z,,30,222.6
2024-08-03T09:16:17.000Z,105,30,222.6
2024-08-03T09:16:18.000Z,,30,222.6
2024-08-03T09:16:19.000Z,105,30,222.6
2024-08-03T09:16:20.000Z,,30,222.6
2024-08-03T09:16:21.000Z,106,30,222.6
2024-08-03T09:16:22.000Z,,30,222.6
2024-08-03T09:16:23.000Z,107,30,222.6
2024-08-03T09:16:24.000Z,,30,222.6
2024-08-03T09:16:25.000Z,108,30,222.6
2024-08-03T09:16:26.000Z,,30,222.6
2024-08-03T09:16:27.000Z,110,30,222.6
2024-08-03T09:16:28.000Z,,30,222.6
2024-08-03T09:16:29.000Z,110,30,222.6
2024-08-03T09:16:30.000Z,,30,222.6
2024-08-03T09:16:31.000Z,112,30,222.6
2024-08-03T09:16:32.000Z,,30,222.6
2024-08-03T09:16:33.000Z,112,30,222.6
2024-08-03T09:16:34.000Z,,30,222.6
2024-08-03T09:16:35.000Z,111,30,222.6
2024-08-03T09:16:36.000Z,,30,222.6
2024-08-03T09:16:37.000Z,111,30,222.6
2024-08-03T09:16:38.000Z,,30,222.6
2024-08-03T09:16:39.000Z,109,30,222.6
2024-08-03T09:16:40.000Z,,30,222.6
2024-08-03T09:16:41.000Z,108,30,222.6
2024-08-03T09:16:42.000Z,,30,222.6
2024-08-03T09:16:43.000Z,108,30,222.6
2024-08-03T09:16:44.000Z,,30,222.6
2024-08-03T09:16:45.000Z,106,30,222.6
2024-08-03T09:16:46.000Z,,30,222.6
2024-08-03T09:16:47.000Z,106,30,222.6
2024-08-03T09:16:48.000Z,,30,222.6
2024-08-03T09:16:49.000Z,105,30,222.6
2024-08-03T09:16:50.000Z,,30,222.6
2024-08-03T09:16:51.000Z,104,30,222.6
2024-08-03T09:16:52.000Z,,30,222.6
2024-08-03T09:16:53.000Z,105,30,222.6
2024-08-03T09:16:54.000Z,,30,222.6
2024-08-03T09:16:55.000Z,102,30,222.6
2024-08-03T09:16:56.000Z,,30,222.6
2024-08-03T09:16:57.000Z,100,30,222.6
2024-08-03T09:16:58.000Z,,30,222.6
2024-08-03T09:16:59.000Z,100,30,222.6
2024-08-03T09:17:00.000Z,,30,222.6
2024-08-03T09:17:01.000Z,98,30,222.6
2024-08-03T09:17:02.000Z,,30,222.6
2024-08-03T09:17:03.000Z,98,30,222.6
2024-08-03T09:17:04.000Z,,30,222.6
2024-08-03T09:17:05.000Z,97,30,222.6
2024-08-03T09:17:06.000Z,,30,222.6
2024-08-03T09:17:07.000Z,97,30,222.6
2024-08-03T09:17:08.000Z,,30,222.6
2024-08-03T09:17:09.000Z,96,30,222.6
2024-08-03T09:17:10.000Z,,30,222.6
2024-08-03T09:17:11.000Z,98,30,222.6
2024-08-03T09:17:12.000Z,,30,222.6
2024-08-03T09:17:13.000Z,99,30,222.6
2024-08-03T09:17:14.000Z,,30,222.6
2024-08-03T09:17:15.000Z,100,30,222.6
2024-08-03T09:17:16.000Z,,30,222.6
2024-08-03T09:17:17.000Z,102,30,222.6
2024-08-03T09:17:18.000Z,,30,222.6
2024-08-03T09:17:19.000Z,106,30,222.6
2024-08-03T09:17:20.000Z,,30,222.6
2024-08-03T09:17:21.000Z,109,30,222.6
2024-08-03T09:17:22.000Z,,30,222.6
2024-08-03T09:17:23.000Z,110,30,222.6
2024-08-03T09:17:24.000Z,,30,222.6
2024-08-03T09:17:25.000Z,111,30,222.6
2024-08-03T09:17:26.000Z,,30,222.6
2024-08-03T09:17:27.000Z,112,30,222.6
2024-08-03T09:17:28.000Z,,30,222.6
2024-08-03T09:17:29.000Z,111,30,222.6
2024-08-03T09:17:30.000Z,,30,222.6
2024-08-03T09:17:31.000Z,113,30,222.6
2024-08-03T09:17:32.000Z,,30,222.6
2024-08-03T09:17:33.000Z,114,30,222.6
2024-08-03T09:17:34.000Z,,30,222.6
2024-08-03T09:17:35.000Z,114,30,222.6
2024-08-03T09:17:36.000Z,,30,222.6
2024-08-03T09:17:37.000Z,115,30,222.6
2024-08-03T09:17:38.000Z,,29,222.6
2024-08-03T09:17:39.000Z,116,30,222.6
2024-08-03T09:17:40.000Z,,30,222.6
2024-08-03T09:17:41.000Z,118,29,222.6
2024-08-03T09:17:42.000Z,,30,222.6
2024-08-03T09:17:43.000Z,118,29,222.6
2024-08-03T09:17:44.000Z,,29,222.6
2024-08-03T09:17:45.000Z,119,29,222.6
2024-08-03T09:17:46.000Z,,29,222.6
2024-08-03T09:17:47.000Z,120,29,222.6
2024-08-03T09:17:48.000Z,,29,222.6
2024-08-03T09:17:49.000Z,120,29,222.6
2024-08-03T09:17:50.000Z,,29,222.6
2024-08-03T09:17:51.000Z,120,29,222.6
2024-08-03T09:17:52.000Z,,29,222.6
2024-08-03T09:17:53.000Z,119,29,222.6
2024-08-03T09:17:54.000Z,,29,222.6
2024-08-03T09:17:55.000Z,118,29,222.6
2024-08-03T09:17:56.000Z,,29,222.6
2024-08-03T09:17:57.000Z,118,29,222.6
2024-08-03T09:17:58.000Z,,29,222.6
2024-08-03T09:17:59.000Z,116,29,222.6
2024-08-03T09:18:00.000Z,,29,222.6
2024-08-03T09:18:01.000Z,116,29,222.6
2024-08-03T09:18:02.000Z,,29,222.6
2024-08-03T09:18:03.000Z,114,29,222.6
2024-08-03T09:18:04.000Z,,29,222.6
2024-08-03T09:18:05.000Z,111,29,222.6
2024-08-03T09:18:06.000Z,,29,222.6
2024-08-03T09:18:07.000Z,109,29,222.6
2024-08-03T09:18:08.000Z,,29,222.6
2024-08-03T09:18:09.000Z,106,29,222.6
2024-08-03T09:18:10.000Z,,29,222.6
2024-08-03T09:18:11.000Z,103,29,222.6
2024-08-03T09:18:12.000Z,,29,222.6
2024-08-03T09:18:13.000Z,102,29,222.6
2024-08-03T09:18:14.000Z,,29,222.6
2024-08-03T09:18:15.000Z,101,29,222.6
2024-08-03T09:18:16.000Z,,29,222.6
2024-08-03T09:18:17.000Z,101,29,222.6
2024-08-03T09:18:18.000Z,,29,222.6
2024-08-03T09:18:19.000Z,99,29,222.6
2024-08-03T09:18:20.000Z,,29,222.6
2024-08-03T09:18:21.000Z,98,29,222.6
2024-08-03T09:18:22.000Z,,29,222.6
2024-08-03T09:18:23.000Z,99,29,222.6
2024-08-03T09:18:24.000Z,,29,222.6
2024-08-03T09:18:25.000Z,98,29,222.6
2024-08-03T09:18:26.000Z,,29,222.6
2024-08-03T09:18:27.000Z,100,29,222.6
2024-08-03T09:18:28.000Z,,29,222.6
2024-08-03T09:18:29.000Z,100,29,222.6
2024-08-03T09:18:30.000Z,,29,222.6
2024-08-03T09:18:31.000Z,99,29,222.6
2024-08-03T09:18:32.000Z,,29,222.6
2024-08-03T09:18:33.000Z,98,29,222.6
2024-08-03T09:18:34.000Z,,29,222.6
2024-08-03T09:18:35.000Z,99,29,222.6
2024-08-03T09:18:36.000Z,,29,222.6
2024-08-03T09:18:37.000Z,98,29,222.6
2024-08-03T09:18:38.000Z,,29,222.6
2024-08-03T09:18:39.000Z,98,29,222.6
2024-08-03T09:18:40.000Z,,29,222.6
2024-08-03T09:18:41.000Z,97,29,222.6
2024-08-03T09:18:42.000Z,,29,222.6
2024-08-03T09:18:43.000Z,95,29,222.6
2024-08-03T09:18:44.000Z,,29,222.6
2024-08-03T09:18:45.000Z,94,29,222.6
2024-08-03T09:18:46.000Z,,29,222.6
2024-08-03T09:18:47.000Z,92,29,222.6
2024-08-03T09:18:48.000Z,,29,222.6
2024-08-03T09:18:49.000Z,94,29,222.6
2024-08-03T09:18:50.000Z,,29,222.6
2024-08-03T09:18:51.000Z,94,29,222.6
2024-08-03T09:18:52.000Z,,29,222.6
2024-08-03T09:18:53.000Z,94,29,222.6
2024-08-03T09:18:54.000Z,,29,222.6
2024-08-03T09:18:55.000Z,94,29,222.6
2024-08-03T09:18:56.000Z,,29,222.6
2024-08-03T09:18:57.000Z,93,29,222.6
2024-08-03T09:18:58.000Z,,29,222.6
2024-08-03T09:18:59.000Z,93,29,222.6
2024-08-03T09:19:00.000Z,,29,222.6
2024-08-03T09:19:01.000Z,93,29,222.6
2024-08-03T09:19:02.000Z,,29,222.6
2024-08-03T09:19:03.000Z,94,29,222.6
2024-08-03T09:19:04.000Z,,29,222.6
2024-08-03T09:19:05.000Z,95,29,222.6
2024-08-03T09:19:06.000Z,,29,222.6
2024-08-03T09:19:07.000Z,95,29,222.6
2024-08-03T09:19:08.000Z,,29,222.6
2024-08-03T09:19:09.000Z,97,29,222.6
2024-08-03T09:19:10.000Z,,29,222.6
2024-08-03T09:19:11.000Z,103,29,222.6
2024-08-03T09:19:12.000Z,,29,222.6
2024-08-03T09:19:13.000Z,107,29,222.6
2024-08-03T09:19:14.000Z,,29,222.6
2024-08-03T09:19:15.000Z,109,29,222.6
2024-08-03T09:19:16.000Z,,29,222.6
2024-08-03T09:19:17.000Z,108,29,222.6
2024-08-03T09:19:18.000Z,,29,222.6
2024-08-03T09:19:19.000Z,109,29,222.6
2024-08-03T09:19:20.000Z,,29,222.6
2024-08-03T09:19:21.000Z,108,29,222.6
2024-08-03T09:19:22.000Z,,29,222.6
2024-08-03T09:19:23.000Z,106,29,222.6
2024-08-03T09:19:24.000Z,,29,222.6
2024-08-03T09:19:25.000Z,105,29,222.6
2024-08-03T09:19:26.000Z,,29,222.6
2024-08-03T09:19:27.000Z,104,29,222.6
2024-08-03T09:19:28.000Z,,29,222.6
2024-08-03T09:19:29.000Z,106,29,222.6
2024-08-03T09:19:30.000Z,,29,222.6
2024-08-03T09:19:31.000Z,106,29,222.6
2024-08-03T09:19:32.000Z,,29,222.6
2024-08-03T09:19:33.000Z,106,29,222.6
2024-08-03T09:19:34.000Z,,29,222.6
2024-08-03T09:19:35.000Z,105,29,222.6
2024-08-03T09:19:36.000Z,,29,222.6
2024-08-03T09:19:37.000Z,104,29,222.6
2024-08-03T09:19:38.000Z,,29,222.6
2024-08-03T09:19:39.000Z,103,29,222.6
2024-08-03T09:19:40.000Z,,29,222.6
2024-08-03T09:19:41.000Z,103,29,222.6
2024-08-03T09:19:42.000Z,,29,222.6
2024-08-03T09:19:43.000Z,103,29,222.6
2024-08-03T09:19:44.000Z,,29,222.6
2024-08-03T09:19:45.000Z,102,29,222.6
2024-08-03T09:19:46.000Z,,29,222.6
2024-08-03T09:19:47.000Z,102,29,222.6
2024-08-03T09:19:48.000Z,,29,222.6
2024-08-03T09:19:49.000Z,105,29,222.6
2024-08-03T09:19:50.000Z,,29,222.6
2024-08-03T09:19:51.000Z,105,29,222.6
2024-08-03T09:19:52.000Z,,29,222.6
2024-08-03T09:19:53.000Z,105,29,222.6
2024-08-03T09:19:54.000Z,,29,222.6
2024-08-03T09:19:55.000Z,107,29,222.6
2024-08-03T09:19:56.000Z,,29,222.6
2024-08-03T09:19:57.000Z,107,29,222.6
2024-08-03T09:19:58.000Z,,29,222.6
2024-08-03T09:19:59.000Z,107,29,222.6
2024-08-03T09:20:00.000Z,,29,222.6
2024-08-03T09:20:01.000Z,107,29,222.6
2024-08-03T09:20:02.000Z,,29,222.6
2024-08-03T09:20:03.000Z,108,29,222.6
2024-08-03T09:20:04.000Z,,29,222.6
2024-08-03T09:20:05.000Z,108,29,222.6
2024-08-03T09:20:06.000Z,,29,222.6
2024-08-03T09:20:07.000Z,108,29,222.6
2024-08-03T09:20:08.000Z,,29,222.6
2024-08-03T09:20:09.000Z,106,29,222.6
2024-08-03T09:20:10.000Z,,29,222.6
2024-08-03T09:20:11.000Z,106,29,222.6
2024-08-03T09:20:12.000Z,,29,222.6
2024-08-03T09:20:13.000Z,105,29,222.6
2024-08-03T09:20:14.000Z,,29,222.6
2024-08-03T09:20:15.000Z,106,29,222.6
2024-08-03T09:20:16.000Z,,29,222.6
2024-08-03T09:20:17.000Z,107,29,222.6
2024-08-03T09:20:18.000Z,,29,222.6
2024-08-03T09:20:19.000Z,109,29,222.6
2024-08-03T09:20:20.000Z,,29,222.6
2024-08-03T09:20:21.000Z,110,29,222.6
2024-08-03T09:20:22.000Z,,29,222.6
2024-08-03T09:20:23.000Z,112,29,222.6
2024-08-03T09:20:24.000Z,,29,222.6
2024-08-03T09:20:25.000Z,112,29,222.6
2024-08-03T09:20:26.000Z,,29,222.6
2024-08-03T09:20:27.000Z,112,29,222.6
2024-08-03T09:20:28.000Z,,29,222.6
2024-08-03T09:20:29.000Z,109,29,222.6
2024-08-03T09:20:30.000Z,,29,222.6
2024-08-03T09:20:31.000Z,108,29,222.6
2024-08-03T09:20:32.000Z,,29,222.6
2024-08-03T09:20:33.000Z,109,29,222.6
2024-08-03T09:20:34.000Z,,29,222.6
2024-08-03T09:20:35.000Z,108,29,222.6
2024-08-03T09:20:36.000Z,,29,222.6
2024-08-03T09:20:37.000Z,108,29,222.6
2024-08-03T09:20:38.000Z,,29,222.6
2024-08-03T09:20:39.000Z,107,29,222.6
2024-08-03T09:20:40.000Z,,29,222.6
2024-08-03T09:20:41.000Z,106,29,222.6
2024-08-03T09:20:42.000Z,,29,222.6
2024-08-03T09:20:43.000Z,104,29,222.6
2024-08-03T09:20:44.000Z,,29,222.6
2024-08-03T09:20:45.000Z,102,29,222.6
2024-08-03T09:20:46.000Z,,29,222.6
2024-08-03T09:20:47.000Z,102,29,222.6
2024-08-03T09:20:48.000Z,,29,222.6
2024-08-03T09:20:49.000Z,101,29,222.6
2024-08-03T09:20:50.000Z,,29,222.6
2024-08-03T09:20:51.000Z,100,29,222.6
2024-08-03T09:20:52.000Z,,29,222.6
2024-08-03T09:20:53.000Z,100,29,222.6
2024-08-03T09:20:54.000Z,,29,222.6
2024-08-03T09:20:55.000Z,99,29,222.6
2024-08-03T09:20:56.000Z,,29,222.6
2024-08-03T09:20:57.000Z,101,29,222.6
2024-08-03T09:20:58.000Z,,29,222.6
2024-08-03T09:20:59.000Z,103,29,222.6
2024-08-03T09:21:00.000Z,,29,222.6
2024-08-03T09:21:01.000Z,101,29,222.6
2024-08-03T09:21:02.000Z,,29,222.6
2024-08-03T09:21:03.000Z,101,29,222.6
2024-08-03T09:21:04.000Z,,29,222.6
2024-08-03T09:21:05.000Z,101,29,222.6
2024-08-03T09:21:06.000Z,,29,222.6
2024-08-03T09:21:07.000Z,101,29,222.6
2024-08-03T09:21:08.000Z,,29,222.6
2024-08-03T09:21:09.000Z,102,29,222.6
2024-08-03T09:21:10.000Z,,29,222.6
2024-08-03T09:21:11.000Z,102,29,222.6
2024-08-03T09:21:12.000Z,,29,222.6
2024-08-03T09:21:13.000Z,103,29,222.6
2024-08-03T09:21:14.000Z,,29,222.6
2024-08-03T09:21:15.000Z,103,29,222.6
2024-08-03T09:21:16.000Z,,29,222.6
2024-08-03T09:21:17.000Z,103,29,222.6
2024-08-03T09:21:18.000Z,,29,222.6
2024-08-03T09:21:19.000Z,103,29,222.6
2024-08-03T09:21:20.000Z,,29,222.6
2024-08-03T09:21:21.000Z,103,29,222.6
2024-08-03T09:21:22.000Z,,29,222.6
2024-08-03T09:21:23.000Z,104,29,222.6
2024-08-03T09:21:24.000Z,,29,222.6
2024-08-03T09:21:25.000Z,103,29,222.6
2024-08-03T09:21:26.000Z,,29,222.6
2024-08-03T09:21:27.000Z,104,29,222.6
2024-08-03T09:21:28.000Z,,29,222.6
2024-08-03T09:21:29.000Z,105,29,222.6
2024-08-03T09:21:30.000Z,,29,222.6
2024-08-03T09:21:31.000Z,105,29,222.6
2024-08-03T09:21:32.000Z,,29,222.6
2024-08-03T09:21:33.000Z,105,29,222.6
2024-08-03T09:21:34.000Z,,29,222.6
2024-08-03T09:21:35.000Z,105,29,222.6
2024-08-03T09:21:36.000Z,,29,222.6
2024-08-03T09:21:37.000Z,105,29,222.6
2024-08-03T09:21:38.000Z,,29,222.6
2024-08-03T09:21:39.000Z,105,29,222.6
2024-08-03T09:21:40.000Z,,29,222.6
2024-08-03T09:21:41.000Z,105,29,222.6
2024-08-03T09:21:42.000Z,,29,222.6
2024-08-03T09:21:43.000Z,105,29,222.6
2024-08-03T09:21:44.000Z,,29,222.6
2024-08-03T09:21:45.000Z,106,29,222.6
2024-08-03T09:21:46.000Z,,29,222.6
2024-08-03T09:21:47.000Z,106,29,222.6
2024-08-03T09:21:48.000Z,,29,222.6
2024-08-03T09:21:49.000Z,107,29,222.6
2024-08-03T09:21:50.000Z,,29,222.6
2024-08-03T09:21:51.000Z,108,29,222.6
2024-08-03T09:21:52.000Z,,29,222.6
2024-08-03T09:21:53.000Z,108,29,222.6
2024-08-03T09:21:54.000Z,,29,222.6
2024-08-03T09:21:55.000Z,108,29,222.6
2024-08-03T09:21:56.000Z,,29,222.6
2024-08-03T09:21:57.000Z,106,29,222.6
2024-08-03T09:21:58.000Z,,29,222.6
2024-08-03T09:21:59.000Z,107,29,222.6
2024-08-03T09:22:00.000Z,,29,222.6
2024-08-03T09:22:01.000Z,107,29,222.6
2024-08-03T09:22:02.000Z,,29,222.6
2024-08-03T09:22:03.000Z,107,29,222.6
2024-08-03T09:22:04.000Z,,29,222.6
2024-08-03T09:22:05.000Z,109,29,222.6
2024-08-03T09:22:06.000Z,,29,222.6
2024-08-03T09:22:07.000Z,110,29,222.6
2024-08-03T09:22:08.000Z,,29,222.6
2024-08-03T09:22:09.000Z,108,29,222.6
2024-08-03T09:22:10.000Z,,29,222.6
2024-08-03T09:22:11.000Z,106,29,222.6
2024-08-03T09:22:12.000Z,,29,222.6
2024-08-03T09:22:13.000Z,105,29,222.6
2024-08-03T09:22:14.000Z,,29,222.6
2024-08-03T09:22:15.000Z,105,29,222.6
2024-08-03T09:22:16.000Z,,29,222.6
2024-08-03T09:22:17.000Z,106,29,222.6
2024-08-03T09:22:18.000Z,,29,222.6
2024-08-03T09:22:19.000Z,106,29,222.6
2024-08-03T09:22:20.000Z,,29,222.6
2024-08-03T09:22:21.000Z,107,29,222.6
2024-08-03T09:22:22.000Z,,29,222.6
2024-08-03T09:22:23.000Z,107,29,222.6
2024-08-03T09:22:24.000Z,,29,222.6
2024-08-03T09:22:25.000Z,107,29,222.6
2024-08-03T09:22:26.000Z,,29,222.6
2024-08-03T09:22:27.000Z,107,29,222.6
2024-08-03T09:22:28.000Z,,29,222.6
2024-08-03T09:22:29.000Z,107,29,222.6
2024-08-03T09:22:30.000Z,,29,222.6
2024-08-03T09:22:31.000Z,108,29,222.6
2024-08-03T09:22:32.000Z,,29,222.6
2024-08-03T09:22:33.000Z,108,29,222.6
2024-08-03T09:22:34.000Z,,29,222.6
2024-08-03T09:22:35.000Z,108,29,222.6
2024-08-03T09:22:36.000Z,,29,222.6
2024-08-03T09:22:37.000Z,108,29,222.6
2024-08-03T09:22:38.000Z,,29,222.6
2024-08-03T09:22:39.000Z,108,29,222.6
2024-08-03T09:22:40.000Z,,29,222.6
2024-08-03T09:22:41.000Z,108,29,222.6
2024-08-03T09:22:42.000Z,,29,222.6
2024-08-03T09:22:43.000Z,108,29,222.6
2024-08-03T09:22:44.000Z,,29,222.6
2024-08-03T09:22:45.000Z,108,29,222.6
2024-08-03T09:22:46.000Z,,29,222.6
2024-08-03T09:22:47.000Z,108,29,222.6
2024-08-03T09:22:48.000Z,,29,222.6
2024-08-03T09:22:49.000Z,109,29,222.6
2024-08-03T09:22:50.000Z,,29,222.6
2024-08-03T09:22:51.000Z,109,29,222.6
2024-08-03T09:22:52.000Z,,29,222.6
2024-08-03T09:22:53.000Z,108,29,222.6
2024-08-03T09:22:54.000Z,,29,222.6
2024-08-03T09:22:55.000Z,108,29,222.6
2024-08-03T09:22:56.000Z,,29,222.6
2024-08-03T09:22:57.000Z,108,29,222.6
2024-08-03T09:22:58.000Z,,29,222.6
2024-08-03T09:22:59.000Z,110,29,222.6
2024-08-03T09:23:00.000Z,,29,222.6
2024-08-03T09:23:01.000Z,110,29,222.6
2024-08-03T09:23:02.000Z,,29,222.6
2024-08-03T09:23:03.000Z,110,29,222.6
2024-08-03T09:23:04.000Z,,29,222.6
2024-08-03T09:23:05.000Z,112,29,222.6
2024-08-03T09:23:06.000Z,,29,222.6
2024-08-03T09:23:07.000Z,112,29,222.6
2024-08-03T09:23:08.000Z,,29,222.6
2024-08-03T09:23:09.000Z,111,29,222.6
2024-08-03T09:23:10.000Z,,29,222.6
2024-08-03T09:23:11.000Z,109,29,222.6
2024-08-03T09:23:12.000Z,,29,222.6
2024-08-03T09:23:13.000Z,109,29,222.6
2024-08-03T09:23:14.000Z,,29,222.6
2024-08-03T09:23:15.000Z,109,29,222.6
2024-08-03T09:23:16.000Z,,29,222.6
2024-08-03T09:23:17.000Z,109,29,222.6
2024-08-03T09:23:18.000Z,,29,222.6
2024-08-03T09:23:19.000Z,108,29,222.6
2024-08-03T09:23:20.000Z,,29,222.6
2024-08-03T09:23:21.000Z,108,29,222.6
2024-08-03T09:23:22.000Z,,29,222.6
2024-08-03T09:23:23.000Z,108,29,222.6
2024-08-03T09:23:24.000Z,,29,222.6
2024-08-03T09:23:25.000Z,107,29,222.6
2024-08-03T09:23:26.000Z,,29,222.6
2024-08-03T09:23:27.000Z,107,29,222.6
2024-08-03T09:23:28.000Z,,29,222.6
2024-08-03T09:23:29.000Z,108,29,222.6
2024-08-03T09:23:30.000Z,,29,222.6
2024-08-03T09:23:31.000Z,108,29,222.6
2024-08-03T09:23:32.000Z,,29,222.6
2024-08-03T09:23:33.000Z,108,29,222.6
2024-08-03T09:23:34.000Z,,29,222.6
2024-08-03T09:23:35.000Z,107,29,222.6
2024-08-03T09:23:36.000Z,,29,222.6
2024-08-03T09:23:37.000Z,108,29,222.6
2024-08-03T09:23:38.000Z,,29,222.6
2024-08-03T09:23:39.000Z,107,29,222.6
2024-08-03T09:23:40.000Z,,29,222.6
2024-08-03T09:23:41.000Z,106,29,222.6
2024-08-03T09:23:42.000Z,,29,222.6
2024-08-03T09:23:43.000Z,105,29,222.6
2024-08-03T09:23:44.000Z,,29,222.6
2024-08-03T09:23:45.000Z,104,29,222.6
2024-08-03T09:23:46.000Z,,29,222.6
2024-08-03T09:23:47.000Z,104,29,222.6
2024-08-03T09:23:48.000Z,,29,222.6
2024-08-03T09:23:49.000Z,103,29,222.6
2024-08-03T09:23:50.000Z,,29,222.6
2024-08-03T09:23:51.000Z,100,29,222.6
2024-08-03T09:23:52.000Z,,29,222.6
2024-08-03T09:23:53.000Z,100,29,222.6
2024-08-03T09:23:54.000Z,,29,222.6
2024-08-03T09:23:55.000Z,100,29,222.6
2024-08-03T09:23:56.000Z,,29,222.6
2024-08-03T09:23:57.000Z,99,29,222.6
2024-08-03T09:23:58.000Z,,29,222.6
2024-08-03T09:23:59.000Z,99,29,222.6
2024-08-03T09:24:00.000Z,,29,222.6
2024-08-03T09:24:01.000Z,99,29,222.6
2024-08-03T09:24:02.000Z,,29,222.6
2024-08-03T09:24:03.000Z,98,29,222.6
2024-08-03T09:24:04.000Z,,29,222.6
2024-08-03T09:24:05.000Z,97,29,222.6
2024-08-03T09:24:06.000Z,,29,222.6
2024-08-03T09:24:07.000Z,98,29,222.6
2024-08-03T09:24:08.000Z,,29,222.6
2024-08-03T09:24:09.000Z,98,29,222.6
2024-08-03T09:24:10.000Z,,29,222.6
2024-08-03T09:24:11.000Z,100,29,222.6
2024-08-03T09:24:12.000Z,,29,222.6
2024-08-03T09:24:13.000Z,101,29,222.6
2024-08-03T09:24:14.000Z,,29,222.6
2024-08-03T09:24:15.000Z,100,29,222.6
2024-08-03T09:24:16.000Z,,29,222.6
2024-08-03T09:24:17.000Z,100,29,222.6
2024-08-03T09:24:18.000Z,,29,222.6
2024-08-03T09:24:19.000Z,101,29,222.6
2024-08-03T09:24:20.000Z,100,29,222.6
2024-08-03T09:24:21.000Z,100,29,222.6
2024-08-03T09:24:22.000Z,101,29,222.6
2024-08-03T09:24:23.000Z,102,29,222.6
2024-08-03T09:24:24.000Z,102,29,222.6
2024-08-03T09:24:25.000Z,103,29,222.6
2024-08-03T09:24:26.000Z,103,29,222.6
2024-08-03T09:24:27.000Z,103,29,222.6
2024-08-03T09:24:28.000Z,104,29,222.6
2024-08-03T09:24:29.000Z,104,29,222.6
2024-08-03T09:24:30.000Z,104,29,222.6
2024-08-03T09:24:31.000Z,104,29,222.6
2024-08-03T09:24:32.000Z,105,29,222.6
2024-08-03T09:24:33.000Z,105,29,222.6
2024-08-03T09:24:34.000Z,105,29,222.6
2024-08-03T09:24:35.000Z,107,29,222.6
2024-08-03T09:24:36.000Z,107,29,222.6
2024-08-03T09:24:37.000Z,107,29,222.6
2024-08-03T09:24:38.000Z,107,29,222.6
2024-08-03T09:24:39.000Z,107,29,222.6
2024-08-03T09:24:40.000Z,107,29,222.6
2024-08-03T09:24:41.000Z,109,29,222.6
2024-08-03T09:24:42.000Z,107,29,222.6
2024-08-03T09:24:43.000Z,106,29,222.6
2024-08-03T09:24:44.000Z,106,29,222.6
2024-08-03T09:24:45.000Z,105,29,222.6
2024-08-03T09:24:46.000Z,105,29,222.6
2024-08-03T09:24:47.000Z,105,29,222.6
2024-08-03T09:24:48.000Z,105,29,222.6
2024-08-03T09:24:49.000Z,105,29,222.6
2024-08-03T09:24:50.000Z,105,29,222.6
2024-08-03T09:24:51.000Z,104,29,222.6
2024-08-03T09:24:52.000Z,104,29,222.6
2024-08-03T09:24:53.000Z,105,29,222.6
2024-08-03T09:24:54.000Z,105,29,222.6
2024-08-03T09:24:55.000Z,105,29,222.6
2024-08-03T09:24:56.000Z,105,29,222.6
2024-08-03T09:24:57.000Z,106,29,222.6
2024-08-03T09:24:58.000Z,106,29,222.6
2024-08-03T09:24:59.000Z,106,29,222.6
2024-08-03T09:25:00.000Z,106,29,222.6
2024-08-03T09:25:01.000Z,106,29,222.6
2024-08-03T09:25:02.000Z,107,29,222.6
2024-08-03T09:25:03.000Z,106,29,222.6
2024-08-03T09:25:04.000Z,107,29,222.6
2024-08-03T09:25:05.000Z,108,29,222.6
2024-08-03T09:25:06.000Z,108,29,222.6
2024-08-03T09:25:07.000Z,109,29,222.6
2024-08-03T09:25:08.000Z,109,29,222.6
2024-08-03T09:25:09.000Z,109,29,222.6
2024-08-03T09:25:10.000Z,109,29,222.6
2024-08-03T09:25:11.000Z,109,29,222.6
2024-08-03T09:25:12.000Z,109,29,222.6
2024-08-03T09:25:13.000Z,108,29,222.6
2024-08-03T09:25:14.000Z,107,29,222.6
2024-08-03T09:25:15.000Z,107,29,222.6
2024-08-03T09:25:16.000Z,107,29,222.6
2024-08-03T09:25:17.000Z,107,29,222.6
2024-08-03T09:25:18.000Z,106,29,222.6
2024-08-03T09:25:19.000Z,106,29,222.6
2024-08-03T09:25:20.000Z,105,29,222.6
2024-08-03T09:25:21.000Z,106,29,222.6
2024-08-03T09:25:22.000Z,106,29,222.6
2024-08-03T09:25:23.000Z,106,29,222.6
2024-08-03T09:25:24.000Z,107,29,222.6
2024-08-03T09:25:25.000Z,108,29,222.6
2024-08-03T09:25:26.000Z,108,29,222.6
2024-08-03T09:25:27.000Z,108,29,222.6
2024-08-03T09:25:28.000Z,109,29,222.6
2024-08-03T09:25:29.000Z,109,29,222.6
2024-08-03T09:25:30.000Z,109,29,222.6
2024-08-03T09:25:31.000Z,109,29,222.6
2024-08-03T09:25:32.000Z,109,29,222.6
2024-08-03T09:25:33.000Z,108,29,222.6
2024-08-03T09:25:34.000Z,108,29,222.6
2024-08-03T09:25:35.000Z,108,29,222.6
2024-08-03T09:25:36.000Z,108,29,222.6
2024-08-03T09:25:37.000Z,108,29,222.6
2024-08-03T09:25:38.000Z,106,29,222.6
2024-08-03T09:25:39.000Z,105,29,222.6
2024-08-03T09:25:40.000Z,105,29,222.6
2024-08-03T09:25:41.000Z,104,29,222.6
2024-08-03T09:25:42.000Z,103,29,222.6
2024-08-03T09:25:43.000Z,103,29,222.6
2024-08-03T09:25:44.000Z,103,29,222.6
2024-08-03T09:25:45.000Z,103,29,222.6
2024-08-03T09:25:46.000Z,103,29,222.6
2024-08-03T09:25:47.000Z,102,29,222.6
2024-08-03T09:25:48.000Z,101,29,222.6
2024-08-03T09:25:49.000Z,100,29,222.6
2024-08-03T09:25:50.000Z,100,29,222.6
2024-08-03T09:25:51.000Z,100,29,222.6
2024-08-03T09:25:52.000Z,99,29,222.6
2024-08-03T09:25:53.000Z,99,29,222.6
2024-08-03T09:25:54.000Z,98,29,222.6
2024-08-03T09:25:55.000Z,98,29,222.6
2024-08-03T09:25:56.000Z,99,29,222.6
2024-08-03T09:25:57.000Z,99,29,222.6
2024-08-03T09:25:58.000Z,98,29,222.6
2024-08-03T09:25:59.000Z,99,29,222.6
2024-08-03T09:26:00.000Z,99,29,222.6
2024-08-03T09:26:01.000Z,99,29,222.6
2024-08-03T09:26:02.000Z,98,29,222.6
2024-08-03T09:26:03.000Z,98,29,222.6
2024-08-03T09:26:04.000Z,99,29,222.6
2024-08-03T09:26:05.000Z,99,29,222.6
2024-08-03T09:26:06.000Z,98,29,222.6
2024-08-03T09:26:07.000Z,98,29,222.6
2024-08-03T09:26:08.000Z,98,29,222.6
2024-08-03T09:26:09.000Z,99,29,222.6
2024-08-03T09:26:10.000Z,99,29,222.6
2024-08-03T09:26:11.000Z,99,29,222.6
2024-08-03T09:26:12.000Z,99,29,222.6
2024-08-03T09:26:13.000Z,99,29,222.6
2024-08-03T09:26:14.000Z,99,29,222.6
2024-08-03T09:26:15.000Z,99,29,222.6
2024-08-03T09:26:16.000Z,99,29,222.6
2024-08-03T09:26:17.000Z,99,29,222.6
2024-08-03T09:26:18.000Z,98,29,222.6
2024-08-03T09:26:19.000Z,96,29,222.6
2024-08-03T09:26:20.000Z,95,29,222.6
2024-08-03T09:26:21.000Z,94,29,222.6
2024-08-03T09:26:22.000Z,95,29,222.6
2024-08-03T09:26:23.000Z,95,29,222.6
2024-08-03T09:26:24.000Z,95,29,222.6
2024-08-03T09:26:25.000Z,95,29,222.6
2024-08-03T09:26:26.000Z,96,29,222.6
2024-08-03T09:26:27.000Z,96,29,222.6
2024-08-03T09:26:28.000Z,97,29,222.6
2024-08-03T09:26:29.000Z,96,29,222.6
2024-08-03T09:26:30.000Z,96,29,222.6
2024-08-03T09:26:31.000Z,97,29,222.6
2024-08-03T09:26:32.000Z,98,29,222.6
2024-08-03T09:26:33.000Z,98,29,222.6
2024-08-03T09:26:34.000Z,98,29,222.6
2024-08-03T09:26:35.000Z,98,29,222.6
2024-08-03T09:26:36.000Z,97,29,222.6
2024-08-03T09:26:37.000Z,97,29,222.6
2024-08-03T09:26:38.000Z,95,29,222.6
2024-08-03T09:26:39.000Z,94,29,222.6
2024-08-03T09:26:40.000Z,93,29,222.6
2024-08-03T09:26:41.000Z,93,29,222.6
2024-08-03T09:26:42.000Z,93,29,222.6
2024-08-03T09:26:43.000Z,92,29,222.6
2024-08-03T09:26:44.000Z,93,29,222.6
2024-08-03T09:26:45.000Z,93,29,222.6
2024-08-03T09:26:46.000Z,93,29,222.6
2024-08-03T09:26:47.000Z,93,29,222.6
2024-08-03T09:26:48.000Z,94,29,222.6
2024-08-03T09:26:49.000Z,94,29,222.6
2024-08-03T09:26:50.000Z,94,29,222.6
2024-08-03T09:26:51.000Z,94,29,222.6
2024-08-03T09:26:52.000Z,95,29,222.6
2024-08-03T09:26:53.000Z,95,29,222.6
2024-08-03T09:26:54.000Z,95,29,222.6
2024-08-03T09:26:55.000Z,96,29,222.6
2024-08-03T09:26:56.000Z,97,29,222.6
2024-08-03T09:26:57.000Z,97,29,222.6
2024-08-03T09:26:58.000Z,98,29,222.6
2024-08-03T09:26:59.000Z,99,29,222.6
2024-08-03T09:27:00.000Z,100,29,222.6
2024-08-03T09:27:01.000Z,100,29,222.6
2024-08-03T09:27:02.000Z,101,29,222.6
2024-08-03T09:27:03.000Z,101,29,222.6
2024-08-03T09:27:04.000Z,102,29,222.6
2024-08-03T09:27:05.000Z,102,29,222.6
2024-08-03T09:27:06.000Z,102,29,222.6
2024-08-03T09:27:07.000Z,103,29,222.6
2024-08-03T09:27:08.000Z,102,29,222.6
2024-08-03T09:27:09.000Z,104,29,222.6
2024-08-03T09:27:10.000Z,105,29,222.6
2024-08-03T09:27:11.000Z,105,29,222.6
2024-08-03T09:27:12.000Z,105,29,222.6
2024-08-03T09:27:13.000Z,105,29,222.6
2024-08-03T09:27:14.000Z,105,29,222.6
2024-08-03T09:27:15.000Z,106,29,222.6
2024-08-03T09:27:16.000Z,105,29,222.6
2024-08-03T09:27:17.000Z,106,29,222.6
2024-08-03T09:27:18.000Z,106,29,222.6
2024-08-03T09:27:19.000Z,106,29,222.6
2024-08-03T09:27:20.000Z,106,29,222.6
2024-08-03T09:27:21.000Z,107,29,222.6
2024-08-03T09:27:22.000Z,107,29,222.6
2024-08-03T09:27:23.000Z,108,29,222.6
2024-08-03T09:27:24.000Z,108,29,222.6
2024-08-03T09:27:25.000Z,108,29,222.6
2024-08-03T09:27:26.000Z,109,29,222.6
2024-08-03T09:27:27.000Z,109,29,222.6
2024-08-03T09:27:28.000Z,109,29,222.6
2024-08-03T09:27:29.000Z,110,29,222.6
2024-08-03T09:27:30.000Z,110,29,222.6
2024-08-03T09:27:31.000Z,111,29,222.6
2024-08-03T09:27:32.000Z,112,29,222.6
2024-08-03T09:27:33.000Z,112,29,222.6
2024-08-03T09:27:34.000Z,112,29,222.6
2024-08-03T09:27:35.000Z,113,29,222.6
2024-08-03T09:27:36.000Z,112,29,222.6
2024-08-03T09:27:37.000Z,113,29,222.6
2024-08-03T09:27:38.000Z,113,29,222.6
2024-08-03T09:27:39.000Z,113,29,222.6
2024-08-03T09:27:40.000Z,113,29,222.6
2024-08-03T09:27:41.000Z,114,29,222.6
2024-08-03T09:27:42.000Z,113,29,222.6
2024-08-03T09:27:43.000Z,113,29,222.6
2024-08-03T09:27:44.000Z,112,29,222.6
2024-08-03T09:27:45.000Z,111,29,222.6
2024-08-03T09:27:46.000Z,112,29,222.6
2024-08-03T09:27:47.000Z,112,29,222.6
2024-08-03T09:27:48.000Z,111,29,222.6
2024-08-03T09:27:49.000Z,111,29,222.6
2024-08-03T09:27:50.000Z,112,29,222.6
2024-08-03T09:27:51.000Z,111,29,222.6
2024-08-03T09:27:52.000Z,112,29,222.6
2024-08-03T09:27:53.000Z,112,29,222.6
2024-08-03T09:27:54.000Z,111,29,222.6
2024-08-03T09:27:55.000Z,111,29,222.6
2024-08-03T09:27:56.000Z,111,29,222.6
2024-08-03T09:27:57.000Z,112,29,222.6
2024-08-03T09:27:58.000Z,111,29,222.6
2024-08-03T09:27:59.000Z,112,29,222.6
2024-08-03T09:28:00.000Z,112,29,222.6
2024-08-03T09:28:01.000Z,111,29,222.6
2024-08-03T09:28:02.000Z,111,29,222.6
2024-08-03T09:28:03.000Z,112,29,222.6
2024-08-03T09:28:04.000Z,111,29,222.6
2024-08-03T09:28:05.000Z,111,29,222.6
2024-08-03T09:28:06.000Z,110,29,222.6
2024-08-03T09:28:07.000Z,111,29,222.6
2024-08-03T09:28:08.000Z,110,29,222.6
2024-08-03T09:28:09.000Z,109,29,222.6
2024-08-03T09:28:10.000Z,108,29,222.6
2024-08-03T09:28:11.000Z,108,29,222.6
2024-08-03T09:28:12.000Z,108,29,222.6
2024-08-03T09:28:13.000Z,106,29,222.6
2024-08-03T09:28:14.000Z,106,29,222.6
2024-08-03T09:28:15.000Z,107,29,222.6
2024-08-03T09:28:16.000Z,106,29,222.6
2024-08-03T09:28:17.000Z,106,29,222.6
2024-08-03T09:28:18.000Z,106,29,222.6
2024-08-03T09:28:19.000Z,106,29,222.6
2024-08-03T09:28:20.000Z,106,29,222.6
2024-08-03T09:28:21.000Z,105,29,222.6
2024-08-03T09:28:22.000Z,105,29,222.6
2024-08-03T09:28:23.000Z,106,29,222.6
2024-08-03T09:28:24.000Z,105,29,222.6
2024-08-03T09:28:25.000Z,105,29,222.6
2024-08-03T09:28:26.000Z,104,29,222.6
2024-08-03T09:28:27.000Z,104,29,222.6
2024-08-03T09:28:28.000Z,104,29,222.6
2024-08-03T09:28:29.000Z,105,29,222.6
2024-08-03T09:28:30.000Z,106,29,222.6
2024-08-03T09:28:31.000Z,106,29,222.6
2024-08-03T09:28:32.000Z,106,29,222.6
2024-08-03T09:28:33.000Z,106,29,222.6
2024-08-03T09:28:34.000Z,106,29,222.6
2024-08-03T09:28:35.000Z,105,29,222.6
2024-08-03T09:28:36.000Z,105,29,222.6
2024-08-03T09:28:37.000Z,105,29,222.6
2024-08-03T09:28:38.000Z,106,29,222.6
2024-08-03T09:28:39.000Z,107,29,222.6
2024-08-03T09:28:40.000Z,106,29,222.6
2024-08-03T09:28:41.000Z,107,29,222.6
2024-08-03T09:28:42.000Z,107,29,222.6
2024-08-03T09:28:43.000Z,106,29,222.6
2024-08-03T09:28:44.000Z,106,29,222.6
2024-08-03T09:28:45.000Z,106,29,222.6
2024-08-03T09:28:46.000Z,107,29,222.6
2024-08-03T09:28:47.000Z,107,29,222.6
2024-08-03T09:28:48.000Z,107,29,222.6
2024-08-03T09:28:49.000Z,107,29,222.6
2024-08-03T09:28:50.000Z,107,29,222.6
2024-08-03T09:28:51.000Z,107,29,222.6
2024-08-03T09:28:52.000Z,108,29,222.6
2024-08-03T09:28:53.000Z,108,29,222.6
2024-08-03T09:28:54.000Z,109,29,222.6
2024-08-03T09:28:55.000Z,107,29,222.6
2024-08-03T09:28:56.000Z,107,29,222.6
2024-08-03T09:28:57.000Z,107,29,222.6
2024-08-03T09:28:58.000Z,108,29,222.6
2024-08-03T09:28:59.000Z,109,29,222.6
2024-08-03T09:29:00.000Z,110,29,222.6
2024-08-03T09:29:01.000Z,111,29,222.6
2024-08-03T09:29:02.000Z,111,29,222.6
2024-08-03T09:29:03.000Z,110,29,222.6
2024-08-03T09:29:04.000Z,110,29,222.6
2024-08-03T09:29:05.000Z,110,29,222.6
2024-08-03T09:29:06.000Z,111,29,222.6
2024-08-03T09:29:07.000Z,110,29,222.6
2024-08-03T09:29:08.000Z,110,29,222.6
2024-08-03T09:29:09.000Z,110,29,222.6
2024-08-03T09:29:10.000Z,111,29,222.6
2024-08-03T09:29:11.000Z,111,29,222.6
2024-08-03T09:29:12.000Z,111,29,222.6
2024-08-03T09:29:13.000Z,112,29,222.6
2024-08-03T09:29:14.000Z,113,29,222.6
2024-08-03T09:29:15.000Z,112,29,222.6
2024-08-03T09:29:16.000Z,112,29,222.6
2024-08-03T09:29:17.000Z,112,29,222.6
2024-08-03T09:29:18.000Z,111,29,222.6
2024-08-03T09:29:19.000Z,110,29,222.6
2024-08-03T09:29:20.000Z,111,29,222.6
2024-08-03T09:29:21.000Z,111,29,222.6
2024-08-03T09:29:22.000Z,111,29,222.6
2024-08-03T09:29:23.000Z,110,29,222.6
2024-08-03T09:29:24.000Z,111,29,222.6
2024-08-03T09:29:25.000Z,111,29,222.6
2024-08-03T09:29:26.000Z,110,29,222.6
2024-08-03T09:29:27.000Z,110,29,222.6
2024-08-03T09:29:28.000Z,108,29,222.6
2024-08-03T09:29:29.000Z,108,29,222.6
2024-08-03T09:29:30.000Z,109,29,222.6
2024-08-03T09:29:31.000Z,109,29,222.6
2024-08-03T09:29:32.000Z,109,29,222.6
2024-08-03T09:29:33.000Z,109,29,222.6
2024-08-03T09:29:34.000Z,108,29,222.6
2024-08-03T09:29:35.000Z,108,29,222.6
2024-08-03T09:29:36.000Z,107,29,222.6
2024-08-03T09:29:37.000Z,107,29,222.6
2024-08-03T09:29:38.000Z,107,29,222.6
2024-08-03T09:29:39.000Z,107,29,222.6
2024-08-03T09:29:40.000Z,107,29,222.6
2024-08-03T09:29:41.000Z,107,29,222.6
2024-08-03T09:29:42.000Z,107,29,222.6
2024-08-03T09:29:43.000Z,106,29,222.6
2024-08-03T09:29:44.000Z,106,29,222.6
2024-08-03T09:29:45.000Z,106,29,222.6
2024-08-03T09:29:46.000Z,104,29,222.6
2024-08-03T09:29:47.000Z,106,29,222.6
2024-08-03T09:29:48.000Z,105,29,222.6
2024-08-03T09:29:49.000Z,105,29,222.6
2024-08-03T09:29:50.000Z,106,29,222.6
2024-08-03T09:29:51.000Z,106,29,222.6
2024-08-03T09:29:52.000Z,106,29,222.6
2024-08-03T09:29:53.000Z,105,29,222.6
2024-08-03T09:29:54.000Z,105,29,222.6
2024-08-03T09:29:55.000Z,106,29,222.6
2024-08-03T09:29:56.000Z,106,29,222.6
2024-08-03T09:29:57.000Z,106,29,222.6
2024-08-03T09:29:58.000Z,105,29,222.6
2024-08-03T09:29:59.000Z,106,29,222.6
2024-08-03T09:30:00.000Z,106,29,222.6
2024-08-03T09:30:01.000Z,105,29,222.6
2024-08-03T09:30:02.000Z,105,29,222.6
2024-08-03T09:30:03.000Z,106,29,222.6
2024-08-03T09:30:04.000Z,109,29,222.6
2024-08-03T09:30:05.000Z,109,29,222.6
2024-08-03T09:30:06.000Z,108,29,222.6
2024-08-03T09:30:07.000Z,109,29,222.6
2024-08-03T09:30:08.000Z,109,29,222.6
2024-08-03T09:30:09.000Z,108,29,222.6
2024-08-03T09:30:10.000Z,108,29,222.6
2024-08-03T09:30:11.000Z,109,29,222.6
2024-08-03T09:30:12.000Z,110,29,222.6
2024-08-03T09:30:13.000Z,110,29,222.6
2024-08-03T09:30:14.000Z,111,29,222.6
2024-08-03T09:30:15.000Z,110,29,222.6
2024-08-03T09:30:16.000Z,110,29,222.6
2024-08-03T09:30:17.000Z,110,29,222.6
2024-08-03T09:30:18.000Z,111,29,222.6
2024-08-03T09:30:19.000Z,111,29,222.6
2024-08-03T09:30:20.000Z,111,29,222.6
2024-08-03T09:30:21.000Z,110,29,222.6
2024-08-03T09:30:22.000Z,111,29,222.6